{
	"info": {
		"_postman_id": "7c24f966-12b2-443f-8598-214a1096e396",
		"name": "Flask API",
		"schema": "https://schema.getpostman.com/json/collection/v2.1.0/collection.json"
	},
	"item": [
		{
			"name": "student",
			"request": {
				"method": "POST",
				"header": [
					{
						"key": "Content-Type",
						"value": "application/json",
						"type": "text"
					}
				],
				"body": {
					"mode": "raw",
					"raw": "{\n    \"id\": \"132042\",\n    \"name\": \"Testing\",\n    \"college\": \"scince\",\n    \"major\": \"CS\",\n    \"gender\": \"M\",\n    \"GPA\": 3.5\n}"
				},
				"url": {
					"raw": "http://127.0.0.1:5000/student",
					"protocol": "http",
					"host": [
						"127",
						"0",
						"0",
						"1"
					],
					"port": "5000",
					"path": [
						"student"
					]
				}
			},
			"response": []
		},
		{
			"name": "student",
			"request": {
				"method": "GET",
				"header": [],
				"url": {
					"raw": "http://127.0.0.1:5000/student",
					"protocol": "http",
					"host": [
						"127",
						"0",
						"0",
						"1"
					],
					"port": "5000",
					"path": [
						"student"
					]
				}
			},
			"response": []
		},
		{
			"name": "student",
			"request": {
				"method": "PUT",
				"header": [
					{
						"key": "Content-Type",
						"value": "application/json",
						"type": "text"
					}
				],
				"body": {
					"mode": "raw",
					"raw": "{\n    \"name\": \"Emad\",\n    \"college\": \"scince\",\n    \"major\": \"CS\",\n    \"gender\": \"M\",\n    \"GPA\": 3.2\n}"
				},
				"url": {
					"raw": "http://127.0.0.1:5000/student/13242",
					"protocol": "http",
					"host": [
						"127",
						"0",
						"0",
						"1"
					],
					"port": "5000",
					"path": [
						"student",
						"13242"
					]
				}
			},
			"response": []
		},
		{
			"name": "student",
			"request": {
				"method": "DELETE",
				"header": [],
				"url": {
					"raw": "http://127.0.0.1:5000/student/132042",
					"protocol": "http",
					"host": [
						"127",
						"0",
						"0",
						"1"
					],
					"port": "5000",
					"path": [
						"student",
						"132042"
					]
				}
			},
			"response": []
		},
		{
			"name": "Single Student",
			"request": {
				"method": "GET",
				"header": [],
				"url": {
					"raw": "http://127.0.0.1:5000/student/13242",
					"protocol": "http",
					"host": [
						"127",
						"0",
						"0",
						"1"
					],
					"port": "5000",
					"path": [
						"student",
						"13242"
					]
				}
			},
			"response": []
		}
	],
	"protocolProfileBehavior": {}
}